[
  {
    "navn": "Leg med VS og C#",
    "beskrivelse": "Simpel \u0027pr\u00F8v det selv\u0027/\u0027kom i gang\u0027 opgave",
    "url": "https://github.com/devcronberg/undervisning-cs-opgaver/blob/master/start-proevselv/opgave/readme.md#pr%C3%B8v-selv-visual-studio-2019",
    "sortering": null,
    "modulNummer": 25,
    "opgaveNummer": 1,
    "modulnavn": "Introduktion til Visual Studio",
    "samletNummer": "25-1",
    "kode": "CFB"
  },
  {
    "navn": "Debugging",
    "beskrivelse": "Opgave i simpel debugging",
    "url": "https://github.com/devcronberg/undervisning-cs-opgaver/blob/master/start-debugging/Opgave/index.md",
    "sortering": null,
    "modulNummer": 25,
    "opgaveNummer": 2,
    "modulnavn": "Introduktion til Visual Studio",
    "samletNummer": "25-2",
    "kode": "CFC"
  },
  {
    "navn": "Brug af pakken CommandLineParser",
    "beskrivelse": "Opgave i h\u00E5ndtering af parametre fra kommandoprompt",
    "url": "https://github.com/devcronberg/undervisning-cs-opgaver/tree/master/ConsoleOpgave-Parser/Opgave#brug-af-commandlineparser",
    "sortering": null,
    "modulNummer": 30,
    "opgaveNummer": 1,
    "modulnavn": "En konsol applikation",
    "samletNummer": "30-1",
    "kode": "DAB"
  },
  {
    "navn": "Brug af variabler (tal)",
    "beskrivelse": "Simpel brug af forskellige tal og operatorer (l\u00F8sning med video)",
    "url": "https://github.com/devcronberg/undervisning-cs-opgaver/blob/master/Variabler-tal/Opgave/index.md",
    "sortering": null,
    "modulNummer": 40,
    "opgaveNummer": 1,
    "modulnavn": "Simple variabler",
    "samletNummer": "40-1",
    "kode": "EAB"
  },
  {
    "navn": "Brug af DateTime og TimeSpan",
    "beskrivelse": "Opret og beregn p\u00E5 b\u00E5de DateTime og TimeSpan-variabler",
    "url": "https://github.com/devcronberg/undervisning-cs-opgaver/blob/master/Variabler-DatoTid/Opgave/index.md",
    "sortering": null,
    "modulNummer": 40,
    "opgaveNummer": 2,
    "modulnavn": "Simple variabler",
    "samletNummer": "40-2",
    "kode": "EAC"
  },
  {
    "navn": "Regnemaskine (typekonvertering)",
    "beskrivelse": "Brug af System.Convert samt ToString/Formatering (l\u00F8sning med video)",
    "url": "https://github.com/devcronberg/undervisning-cs-opgaver/blob/master/Variabler-regnemaskine/Opgave/index.md",
    "sortering": "5",
    "modulNummer": 40,
    "opgaveNummer": 3,
    "modulnavn": "Simple variabler",
    "samletNummer": "40-3",
    "kode": "EAD"
  },
  {
    "navn": "Brug af strenge",
    "beskrivelse": " Simpel opgave i brug af strenge",
    "url": "https://github.com/devcronberg/undervisning-cs-opgaver/blob/master/Variabler-tekst/Opgave/index.md",
    "sortering": null,
    "modulNummer": 45,
    "opgaveNummer": 1,
    "modulnavn": "Tegn og tekster",
    "samletNummer": "45-1",
    "kode": "EFB"
  },
  {
    "navn": "Brug af enum",
    "beskrivelse": "Brug en enum til at definere kul\u00F8r p\u00E5 et spillekort.",
    "url": "https://github.com/devcronberg/undervisning-cs-opgaver/blob/master/Variabler-Enum/Opgave/index.md",
    "sortering": null,
    "modulNummer": 48,
    "opgaveNummer": 1,
    "modulnavn": "Konstanter",
    "samletNummer": "48-1",
    "kode": "EIB"
  },
  {
    "navn": "Simpel brug af for og if",
    "beskrivelse": "Leg lidt med et par for-l\u00F8kker og en if-struktur",
    "url": "https://github.com/devcronberg/undervisning-cs-opgaver/blob/master/flow-for-if-simpel/Opgave/index.md#simpelt-flow-for-og-if",
    "sortering": null,
    "modulNummer": 50,
    "opgaveNummer": 1,
    "modulnavn": "Programflow",
    "samletNummer": "50-1",
    "kode": "FAB"
  },
  {
    "navn": "Brug af for og if",
    "beskrivelse": "Brug et par for-l\u00F8kker og en if-struktur til at skabe en 10-tabel",
    "url": "https://github.com/devcronberg/undervisning-cs-opgaver/blob/master/Flow-for-if/Opgave/index.md",
    "sortering": null,
    "modulNummer": 50,
    "opgaveNummer": 2,
    "modulnavn": "Programflow",
    "samletNummer": "50-2",
    "kode": "FAC"
  },
  {
    "navn": "Leg med break og continue",
    "beskrivelse": "En lille opgave s\u00E5 du kan lege lidt med break og continue.",
    "url": "https://github.com/devcronberg/undervisning-cs-opgaver/blob/master/flow-break-continue/Opgave/index.md",
    "sortering": null,
    "modulNummer": 50,
    "opgaveNummer": 3,
    "modulnavn": "Programflow",
    "samletNummer": "50-3",
    "kode": "FAD"
  },
  {
    "navn": "Brug af simple metoder",
    "beskrivelse": "Brug af simple metoder",
    "url": "https://github.com/devcronberg/undervisning-cs-opgaver/blob/master/metoder-simple/Opgave/index.md",
    "sortering": null,
    "modulNummer": 60,
    "opgaveNummer": 1,
    "modulnavn": "Metoder",
    "samletNummer": "60-1",
    "kode": "GAB"
  },
  {
    "navn": "Metode der returnerer en nullable",
    "beskrivelse": "Skab en metode der returnerer en nullable v\u00E6rdi",
    "url": "https://github.com/devcronberg/undervisning-cs-opgaver/blob/master/variabler-nullable/Opgave/index.md",
    "sortering": null,
    "modulNummer": 60,
    "opgaveNummer": 2,
    "modulnavn": "Metoder",
    "samletNummer": "60-2",
    "kode": "GAC"
  },
  {
    "navn": "Statiske metoder",
    "beskrivelse": "Brug af statiske metoder",
    "url": "https://github.com/devcronberg/undervisning-cs-opgaver/blob/master/Metoder-statisk/Opgave/index.md",
    "sortering": null,
    "modulNummer": 60,
    "opgaveNummer": 3,
    "modulnavn": "Metoder",
    "samletNummer": "60-3",
    "kode": "GAD"
  },
  {
    "navn": "Overload",
    "beskrivelse": "Brug af overloaede metoder",
    "url": "https://github.com/devcronberg/undervisning-cs-opgaver/blob/master/metoder-overload/Opgave/index.md",
    "sortering": null,
    "modulNummer": 60,
    "opgaveNummer": 4,
    "modulnavn": "Metoder",
    "samletNummer": "60-4",
    "kode": "GAE"
  },
  {
    "navn": "Rekursive metoder",
    "beskrivelse": "Udvikling af en simpel rekursiv metode.",
    "url": "https://github.com/devcronberg/undervisning-cs-opgaver/blob/master/metoder-rekursiv/Opgave/index.md",
    "sortering": null,
    "modulNummer": 60,
    "opgaveNummer": 5,
    "modulnavn": "Metoder",
    "samletNummer": "60-5",
    "kode": "GAF"
  },
  {
    "navn": "Rekursive metoder (avanceret)",
    "beskrivelse": "Udvikling af en rekursiv metode til at finde undermapper og filer.",
    "url": "https://github.com/devcronberg/undervisning-cs-opgaver/blob/master/metoder-rekursiv-filer/Opgave/index.md",
    "sortering": null,
    "modulNummer": 60,
    "opgaveNummer": 6,
    "modulnavn": "Metoder",
    "samletNummer": "60-6",
    "kode": "GAG"
  },
  {
    "navn": "Extension",
    "beskrivelse": "Skab en extension-metode til System.String",
    "url": "https://github.com/devcronberg/undervisning-cs-opgaver/blob/master/reflection-extension/Opgave/index.md",
    "sortering": null,
    "modulNummer": 60,
    "opgaveNummer": 7,
    "modulnavn": "Metoder",
    "samletNummer": "60-7",
    "kode": "GAH"
  },
  {
    "navn": "Simpel fejlh\u00E5ndtering",
    "beskrivelse": "Brug af try/catch (med video af l\u00F8sning)",
    "url": "https://github.com/devcronberg/undervisning-cs-opgaver/blob/master/Fejlh\u00E5ndtering-Simpel/Opgave/index.md",
    "sortering": null,
    "modulNummer": 65,
    "opgaveNummer": 1,
    "modulnavn": "Fejlh\u00E5ndtering",
    "samletNummer": "65-1",
    "kode": "GFB"
  },
  {
    "navn": "Egne exceptions",
    "beskrivelse": "Brug ApplicationException til at kaste en fejl ved forkert kald til en metode",
    "url": "https://github.com/devcronberg/undervisning-cs-opgaver/blob/master/Fejlh\u00E5ndtering-egenexception-simpel/Opgave/index.md",
    "sortering": null,
    "modulNummer": 65,
    "opgaveNummer": 2,
    "modulnavn": "Fejlh\u00E5ndtering",
    "samletNummer": "65-2",
    "kode": "GFC"
  },
  {
    "navn": "Egne exceptions",
    "beskrivelse": "Noget mere kompleks opgave i brugen af flere catch-blokke, samt brug af ApplicationException.",
    "url": "https://github.com/devcronberg/undervisning-cs-opgaver/blob/master/Fejlh\u00E5ndtering-egenexception/Opgave/index.md",
    "sortering": null,
    "modulNummer": 65,
    "opgaveNummer": 3,
    "modulnavn": "Fejlh\u00E5ndtering",
    "samletNummer": "65-3",
    "kode": "GFD"
  },
  {
    "navn": "Simpelt array",
    "beskrivelse": "Simpel opgave i brugen af et array",
    "url": "https://github.com/devcronberg/undervisning-cs-opgaver/blob/master/arrays-simpel/Opgave/index.md",
    "sortering": null,
    "modulNummer": 70,
    "opgaveNummer": 1,
    "modulnavn": "Arrays",
    "samletNummer": "70-1",
    "kode": "HAB"
  },
  {
    "navn": "To-dimensionelt array",
    "beskrivelse": "Opgave som benytter et to dimensionelt array og en tilh\u00F8rende metode",
    "url": "https://github.com/devcronberg/undervisning-cs-opgaver/blob/master/arrays-todim/Opgave/index.md",
    "sortering": null,
    "modulNummer": 70,
    "opgaveNummer": 2,
    "modulnavn": "Arrays",
    "samletNummer": "70-2",
    "kode": "HAC"
  },
  {
    "navn": "Brug af Split",
    "beskrivelse": "Brug af Split-metoden til at skabe et array",
    "url": "https://github.com/devcronberg/undervisning-cs-opgaver/blob/master/arrays-split/Opgave/index.md",
    "sortering": null,
    "modulNummer": 70,
    "opgaveNummer": 3,
    "modulnavn": "Arrays",
    "samletNummer": "70-3",
    "kode": "HAD"
  },
  {
    "navn": "Brug af list, stack og dictionary",
    "beskrivelse": "Simpel opgave i brugen af forskellige collections",
    "url": "https://github.com/devcronberg/undervisning-cs-opgaver/blob/master/samlinger-simpel/Opgave/index.md",
    "sortering": null,
    "modulNummer": 75,
    "opgaveNummer": 1,
    "modulnavn": "Samlinger",
    "samletNummer": "75-1",
    "kode": "HFB"
  },
  {
    "navn": "Brug af en stack",
    "beskrivelse": "Dan en bunke af kort ved hj\u00E6lp af en Stack\u003C\u003E",
    "url": "https://github.com/devcronberg/undervisning-cs-opgaver/blob/master/samlinger-stack/Opgave/index.md",
    "sortering": null,
    "modulNummer": 75,
    "opgaveNummer": 2,
    "modulnavn": "Samlinger",
    "samletNummer": "75-2",
    "kode": "HFC"
  },
  {
    "navn": "IEnumable og IComparable",
    "beskrivelse": "Brug af IEnumable og IComparable til at skabe en garage med biler",
    "url": "https://github.com/devcronberg/undervisning-cs-opgaver/blob/master/samlinger-ienumable/Opgave/index.md",
    "sortering": null,
    "modulNummer": 75,
    "opgaveNummer": 3,
    "modulnavn": "Samlinger",
    "samletNummer": "75-3",
    "kode": "HFD"
  },
  {
    "navn": "yield return",
    "beskrivelse": "Brug af yield return til at skabe Fibonacci-numre",
    "url": "https://github.com/devcronberg/undervisning-cs-opgaver/blob/master/samlinger-fibonacci/opgave",
    "sortering": null,
    "modulNummer": 75,
    "opgaveNummer": 4,
    "modulnavn": "Samlinger",
    "samletNummer": "75-4",
    "kode": "HFE"
  },
  {
    "navn": "Singleton-m\u00F8nsteret",
    "beskrivelse": "Avanceret opgave der viser singleton-m\u00F8nsteret",
    "url": "https://github.com/devcronberg/undervisning-cs-opgaver/blob/master/klasser-singleton/Opgave/index.md",
    "sortering": null,
    "modulNummer": 80,
    "opgaveNummer": 1,
    "modulnavn": "Klasser",
    "samletNummer": "80-1",
    "kode": "IAB"
  },
  {
    "navn": "Klasse der repr\u00E6senterer en simpel terning",
    "beskrivelse": "Simpel klasse der repr\u00E6senterer en terning",
    "url": "https://github.com/devcronberg/undervisning-cs-opgaver/blob/master/Klasser-terning-simpel/Opgave",
    "sortering": null,
    "modulNummer": 80,
    "opgaveNummer": 2,
    "modulnavn": "Klasser",
    "samletNummer": "80-2",
    "kode": "IAC"
  },
  {
    "navn": "Klasse der repr\u00E6senterer en terning med snyd",
    "beskrivelse": "Lidt avanceret klasse til at repr\u00E6sentere en terning",
    "url": "https://github.com/devcronberg/undervisning-cs-opgaver/blob/master/Klasser-terning/Opgave/index.md",
    "sortering": null,
    "modulNummer": 80,
    "opgaveNummer": 3,
    "modulnavn": "Klasser",
    "samletNummer": "80-3",
    "kode": "IAD"
  },
  {
    "navn": "Klasse der repr\u00E6senterer et b\u00E6ger af terninger",
    "beskrivelse": "For at spille Yatzy skal vi bruge et b\u00E6ger - en m\u00E5de at skabe et b\u00E6ger er at benytte et array.",
    "url": "https://github.com/devcronberg/undervisning-cs-opgaver/blob/master/array-yatzybaeger/Opgave/index.md#b%C3%A6ger-med-terninger",
    "sortering": null,
    "modulNummer": 80,
    "opgaveNummer": 4,
    "modulnavn": "Klasser",
    "samletNummer": "80-4",
    "kode": "IAE"
  },
  {
    "navn": "Oprettelse og brug af en simpel klasse",
    "beskrivelse": "Lille opgave i erkl\u00E6ring og brug af en klasse og constructor",
    "url": "https://github.com/devcronberg/undervisning-cs-opgaver/blob/master/Klasser-simpel/Opgave/index.md",
    "sortering": null,
    "modulNummer": 80,
    "opgaveNummer": 5,
    "modulnavn": "Klasser",
    "samletNummer": "80-5",
    "kode": "IAF"
  },
  {
    "navn": "Konto med tilh\u00F8rende transaktioner",
    "beskrivelse": "Skab en Konto-klasser der inderholder en liste af transaktioner. Her er der is\u00E6r fokus p\u00E5 (manglende) sikkerhed.",
    "url": "https://github.com/devcronberg/undervisning-cs-opgaver/tree/master/klasser-amort/Opgave",
    "sortering": null,
    "modulNummer": 80,
    "opgaveNummer": 6,
    "modulnavn": "Klasser",
    "samletNummer": "80-6",
    "kode": "IAG"
  },
  {
    "navn": "Statiske metoder",
    "beskrivelse": "Definition af en klasse med statiske metoder",
    "url": "https://github.com/devcronberg/undervisning-cs-opgaver/blob/master/klasser-statisk/Opgave/index.md",
    "sortering": null,
    "modulNummer": 80,
    "opgaveNummer": 7,
    "modulnavn": "Klasser",
    "samletNummer": "80-7",
    "kode": "IAH"
  },
  {
    "navn": "Brug af struct",
    "beskrivelse": "Brug af en struct til at repr\u00E6sentere en vare i et ERP system",
    "url": "https://github.com/devcronberg/undervisning-cs-opgaver/blob/master/Variabler_Struct/Opgave/index.md",
    "sortering": null,
    "modulNummer": 82,
    "opgaveNummer": 1,
    "modulnavn": "Stukturer",
    "samletNummer": "82-1",
    "kode": "ICB"
  },
  {
    "navn": "Brug af struct og en enum",
    "beskrivelse": "Brug af en struct og en enum til at repr\u00E6sentere et spillekort",
    "url": "https://github.com/devcronberg/undervisning-cs-opgaver/blob/master/Variabler-struct-enum/Opgave/index.md",
    "sortering": null,
    "modulNummer": 82,
    "opgaveNummer": 2,
    "modulnavn": "Stukturer",
    "samletNummer": "82-2",
    "kode": "ICC"
  },
  {
    "navn": "Forskel p\u00E5 struct og class",
    "beskrivelse": "Den helt grundl\u00E6ggende opgave i hukommelsesteori - den SKAL du forst\u00E5 ;)",
    "url": "https://github.com/devcronberg/undervisning-cs-opgaver/blob/master/Hukommelse-struct-class/Opgave/index.md",
    "sortering": null,
    "modulNummer": 87,
    "opgaveNummer": 1,
    "modulnavn": "Hukommelsesteori",
    "samletNummer": "87-1",
    "kode": "IHB"
  },
  {
    "navn": "Visualiser stack/heap",
    "beskrivelse": "Med udgangspunkt i en terning og et b\u00E6ger skal du visualisere stack/heap",
    "url": "https://github.com/devcronberg/undervisning-cs-opgaver/tree/master/hukommelse-visualiser/Opgave#hukommelse-terning-og-b%C3%A6ger",
    "sortering": null,
    "modulNummer": 87,
    "opgaveNummer": 2,
    "modulnavn": "Hukommelsesteori",
    "samletNummer": "87-2",
    "kode": "IHC"
  },
  {
    "navn": "Terning med egenskaber",
    "beskrivelse": "En mere komplet terning der benytter egenskaber",
    "url": "https://github.com/devcronberg/undervisning-cs-opgaver/blob/master/indkapsling-terning/Opgave/index.md",
    "sortering": null,
    "modulNummer": 90,
    "opgaveNummer": 1,
    "modulnavn": "Indkapsling",
    "samletNummer": "90-1",
    "kode": "JAB"
  },
  {
    "navn": "Komplete egenskaber",
    "beskrivelse": "Simpel opgave i brugen af komplete egenskaber",
    "url": "https://github.com/devcronberg/undervisning-cs-opgaver/blob/master/indkapsling-simpel-egenskab/Opgave/index.md",
    "sortering": null,
    "modulNummer": 90,
    "opgaveNummer": 2,
    "modulnavn": "Indkapsling",
    "samletNummer": "90-2",
    "kode": "JAC"
  },
  {
    "navn": "Hvorfor sker der en fejl?",
    "beskrivelse": "Simpel klasse med en simpel egenskab men med en heftig fejl - find den!!",
    "url": "https://github.com/devcronberg/undervisning-cs-opgaver/tree/master/indkapsling-rekursivfejl/Opgave#egenskaber-klassisk-fejl",
    "sortering": null,
    "modulNummer": 90,
    "opgaveNummer": 3,
    "modulnavn": "Indkapsling",
    "samletNummer": "90-3",
    "kode": "JAD"
  },
  {
    "navn": "Brug af automatiske egenskaber",
    "beskrivelse": "Kom godt i gang med automatiserede egenskaber",
    "url": "https://github.com/devcronberg/undervisning-cs-opgaver/blob/master/indkapsling-automatisk-egenskab/Opgave/index.md",
    "sortering": null,
    "modulNummer": 90,
    "opgaveNummer": 4,
    "modulnavn": "Indkapsling",
    "samletNummer": "90-4",
    "kode": "JAE"
  },
  {
    "navn": "En Terning med automatiske egenskaber",
    "beskrivelse": "Benyt automatiske (get only) egenskaber til en Terning",
    "url": "https://github.com/devcronberg/undervisning-cs-opgaver/blob/master/indkapsling-terning-full/opgave",
    "sortering": null,
    "modulNummer": 90,
    "opgaveNummer": 5,
    "modulnavn": "Indkapsling",
    "samletNummer": "90-5",
    "kode": "JAF"
  },
  {
    "navn": "Get-egenskab eller en metode?",
    "beskrivelse": "Opgave i brug af en Get-egenskab som alternativ til en metode",
    "url": "https://github.com/devcronberg/undervisning-cs-opgaver/blob/master/indkapsling-getter-som-metode/Opgave/index.md",
    "sortering": null,
    "modulNummer": 90,
    "opgaveNummer": 6,
    "modulnavn": "Indkapsling",
    "samletNummer": "90-6",
    "kode": "JAG"
  },
  {
    "navn": "Immutable klasse",
    "beskrivelse": "Opgave i brug immutable datatyper (samt c# 9 records)",
    "url": "https://github.com/devcronberg/undervisning-cs-opgaver/tree/master/indkapsling-immutable-klasse/Opgave",
    "sortering": null,
    "modulNummer": 90,
    "opgaveNummer": 7,
    "modulnavn": "Indkapsling",
    "samletNummer": "90-7",
    "kode": "JAH"
  },
  {
    "navn": "Serialisering/Deserialiering",
    "beskrivelse": "Opgave der leger lidt med serialisering",
    "url": "https://github.com/devcronberg/undervisning-cs-opgaver/tree/master/indkapsling-deserialisering/Opgave/index.md",
    "sortering": null,
    "modulNummer": 90,
    "opgaveNummer": 8,
    "modulnavn": "Indkapsling",
    "samletNummer": "90-8",
    "kode": "JAI"
  },
  {
    "navn": "Simpel arv",
    "beskrivelse": "Simpel opgave i brugen af arv (persontyper)",
    "url": "https://github.com/devcronberg/undervisning-cs-opgaver/blob/master/arv-simpel/Opgave/index.md",
    "sortering": null,
    "modulNummer": 100,
    "opgaveNummer": 1,
    "modulnavn": "Nedarvning",
    "samletNummer": "100-1",
    "kode": "BAAB"
  },
  {
    "navn": "Udvidelse af eksisterende framework klasser",
    "beskrivelse": "Opgave der viser at man ogs\u00E5 kan arve fra framework-klasser",
    "url": "https://github.com/devcronberg/undervisning-cs-opgaver/blob/master/arv-random-udvid/Opgave/index.md",
    "sortering": null,
    "modulNummer": 100,
    "opgaveNummer": 2,
    "modulnavn": "Nedarvning",
    "samletNummer": "100-2",
    "kode": "BAAC"
  },
  {
    "navn": "Egne exceptions",
    "beskrivelse": "Udvikling af egne exception-klasser ved hj\u00E6lp af arv",
    "url": "https://github.com/devcronberg/undervisning-cs-opgaver/blob/master/arv-exception/Opgave/index.md",
    "sortering": null,
    "modulNummer": 100,
    "opgaveNummer": 3,
    "modulnavn": "Nedarvning",
    "samletNummer": "100-3",
    "kode": "BAAD"
  },
  {
    "navn": "Lidt st\u00F8rre opgave i arv (terning)",
    "beskrivelse": "Skab en terning (mor) og en ludoterning (barn) som man ikke kan arve yderligere fra",
    "url": "https://github.com/devcronberg/undervisning-cs-opgaver/blob/master/arv-terning-uden-polymorfi/Opgave/index.md",
    "sortering": null,
    "modulNummer": 100,
    "opgaveNummer": 4,
    "modulnavn": "Nedarvning",
    "samletNummer": "100-4",
    "kode": "BAAE"
  },
  {
    "navn": "Simpel opgave i polymorfi (ToString fra Object)",
    "beskrivelse": "Overskrivning af ToString",
    "url": "https://github.com/devcronberg/undervisning-cs-opgaver/blob/master/arv-polymorfi-object/Opgave/index.md",
    "sortering": null,
    "modulNummer": 105,
    "opgaveNummer": 1,
    "modulnavn": "Polymorfi",
    "samletNummer": "105-1",
    "kode": "BAFB"
  },
  {
    "navn": "Terning med polymorfi",
    "beskrivelse": "Brug af polymorfi med terninger og ludoterninger",
    "url": "https://github.com/devcronberg/undervisning-cs-opgaver/blob/master/arv-terning-med-polymorfi/Opgave/index.md",
    "sortering": null,
    "modulNummer": 105,
    "opgaveNummer": 2,
    "modulnavn": "Polymorfi",
    "samletNummer": "105-2",
    "kode": "BAFC"
  },
  {
    "navn": "Abstrakt klasse",
    "beskrivelse": "Udvikling og brug af en abstrakt Person-klasse",
    "url": "https://github.com/devcronberg/undervisning-cs-opgaver/blob/master/arv-abstrakt-klasse/Opgave/index.md",
    "sortering": null,
    "modulNummer": 105,
    "opgaveNummer": 3,
    "modulnavn": "Polymorfi",
    "samletNummer": "105-3",
    "kode": "BAFD"
  },
  {
    "navn": "Lidt mere kompleks opgave i polymorfi",
    "beskrivelse": "Brug af polymorfi i en samling af dyr",
    "url": "https://github.com/devcronberg/undervisning-cs-opgaver/blob/master/arv-polymorfi-dyr/Opgave/index.md",
    "sortering": null,
    "modulNummer": 105,
    "opgaveNummer": 4,
    "modulnavn": "Polymorfi",
    "samletNummer": "105-4",
    "kode": "BAFE"
  },
  {
    "navn": "Eget interface",
    "beskrivelse": "Udvikling af egne interfaces og tilh\u00F8rende polymorfi",
    "url": "https://github.com/devcronberg/undervisning-cs-opgaver/blob/master/interface-eget-interface/Opgave/index.md",
    "sortering": null,
    "modulNummer": 110,
    "opgaveNummer": 1,
    "modulnavn": "Interface",
    "samletNummer": "110-1",
    "kode": "BBAB"
  },
  {
    "navn": "Brug af IComparable\u003C\u003E",
    "beskrivelse": "Brug af IComparable\u003C\u003E i forbindelse med sortering",
    "url": "https://github.com/devcronberg/undervisning-cs-opgaver/blob/master/interface-compare/Opgave/index.md",
    "sortering": null,
    "modulNummer": 110,
    "opgaveNummer": 2,
    "modulnavn": "Interface",
    "samletNummer": "110-2",
    "kode": "BBAC"
  },
  {
    "navn": "Dependency Injection (DI)",
    "beskrivelse": "Avanceret opgave i brug af interfaces til afkobling",
    "url": "https://github.com/devcronberg/undervisning-cs-opgaver/blob/master/interface-di/Opgave/index.md",
    "sortering": null,
    "modulNummer": 110,
    "opgaveNummer": 3,
    "modulnavn": "Interface",
    "samletNummer": "110-3",
    "kode": "BBAD"
  },
  {
    "navn": "Simpel opgave i delegates",
    "beskrivelse": "En opgave der omhandler brugen af delegates - b\u00E5de med og uden sukker.",
    "url": "https://github.com/devcronberg/undervisning-cs-opgaver/blob/master/delegates-heltsimpel/Opgave/index.md",
    "sortering": null,
    "modulNummer": 120,
    "opgaveNummer": 1,
    "modulnavn": "Delegates",
    "samletNummer": "120-1",
    "kode": "BCAB"
  },
  {
    "navn": "Simpel regnemaskine (r\u00E5 delegates)",
    "beskrivelse": "Brug af r\u00E5 delegates til at skabe en regnemaskine",
    "url": "https://github.com/devcronberg/undervisning-cs-opgaver/blob/master/delegates-regnemaskine-delegate/Opgave/readme.md",
    "sortering": null,
    "modulNummer": 120,
    "opgaveNummer": 2,
    "modulnavn": "Delegates",
    "samletNummer": "120-2",
    "kode": "BCAC"
  },
  {
    "navn": "Log",
    "beskrivelse": "Brug af delegates til log-funktionalitet",
    "url": "https://github.com/devcronberg/undervisning-cs-opgaver/blob/master/delegates-log/Opgave/index.md",
    "sortering": null,
    "modulNummer": 120,
    "opgaveNummer": 3,
    "modulnavn": "Delegates",
    "samletNummer": "120-3",
    "kode": "BCAD"
  },
  {
    "navn": "Log",
    "beskrivelse": "Brug af delegates til log-funktionalitet (indbyggede delegates)",
    "url": "https://github.com/devcronberg/undervisning-cs-opgaver/blob/master/delegates-log-indbyggede/Opgave/index.md",
    "sortering": null,
    "modulNummer": 120,
    "opgaveNummer": 4,
    "modulnavn": "Delegates",
    "samletNummer": "120-4",
    "kode": "BCAE"
  },
  {
    "navn": "Simpel regnemaskine (indbyggede delegates)",
    "beskrivelse": "Brug af Func til at skabe en regnemaskine",
    "url": "https://github.com/devcronberg/undervisning-cs-opgaver/blob/master/delegates-regnemaskine-func/Opgave/readme.md",
    "sortering": null,
    "modulNummer": 120,
    "opgaveNummer": 5,
    "modulnavn": "Delegates",
    "samletNummer": "120-5",
    "kode": "BCAF"
  },
  {
    "navn": "Predicate til en liste af tal",
    "beskrivelse": "Brug af en predicate til Array-funktioner",
    "url": "https://github.com/devcronberg/undervisning-cs-opgaver/blob/master/delegates-array-predicate/Opgave/index.md",
    "sortering": null,
    "modulNummer": 120,
    "opgaveNummer": 6,
    "modulnavn": "Delegates",
    "samletNummer": "120-6",
    "kode": "BCAG"
  },
  {
    "navn": "Brug af en Predicate (avanceret)",
    "beskrivelse": "Brug af en Predicate til en filtreringsmetode",
    "url": "https://github.com/devcronberg/undervisning-cs-opgaver/blob/master/avanceredetyper-filter/Opgave/readme.md",
    "sortering": null,
    "modulNummer": 120,
    "opgaveNummer": 7,
    "modulnavn": "Delegates",
    "samletNummer": "120-7",
    "kode": "BCAH"
  },
  {
    "navn": "Brug af lambda",
    "beskrivelse": "Brug af delegates og lambda-metoder til at arbejde p\u00E5 et array af heltal.",
    "url": "https://github.com/devcronberg/undervisning-cs-opgaver/blob/master/delegates-lambda/Opgave/index.md",
    "sortering": null,
    "modulNummer": 120,
    "opgaveNummer": 8,
    "modulnavn": "Delegates",
    "samletNummer": "120-8",
    "kode": "BCAI"
  },
  {
    "navn": "Simpel regnemaskine (lambda)",
    "beskrivelse": "Brug af Func til at skabe en regnemaskine",
    "url": "https://github.com/devcronberg/undervisning-cs-opgaver/blob/master/delegates-regnemaskine-lambda/Opgave/readme.md",
    "sortering": null,
    "modulNummer": 120,
    "opgaveNummer": 9,
    "modulnavn": "Delegates",
    "samletNummer": "120-9",
    "kode": "BCAJ"
  },
  {
    "navn": "Brug af FileSystemWatcher",
    "beskrivelse": "\u00D8v dig p\u00E5 brug af events med FileSystemWatcher.",
    "url": "https://github.com/devcronberg/undervisning-cs-opgaver/blob/master/events-filewatcher/Opgave/index.md",
    "sortering": null,
    "modulNummer": 125,
    "opgaveNummer": 1,
    "modulnavn": "H\u00E6ndelser",
    "samletNummer": "125-1",
    "kode": "BCFB"
  },
  {
    "navn": "Kreditmax",
    "beskrivelse": "Skab din egen h\u00E6ndelse.",
    "url": "https://github.com/devcronberg/undervisning-cs-opgaver/blob/master/events-kreditmax/Opgave/index.md",
    "sortering": null,
    "modulNummer": 125,
    "opgaveNummer": 2,
    "modulnavn": "H\u00E6ndelser",
    "samletNummer": "125-2",
    "kode": "BCFC"
  },
  {
    "navn": "Kreditmax med egen h\u00E6ndelse",
    "beskrivelse": "Skab en h\u00E6ndelse med egen eventargs",
    "url": "https://github.com/devcronberg/undervisning-cs-opgaver/blob/master/events-kreditmax-eventargs/Opgave/index.md#events-kreditmax",
    "sortering": null,
    "modulNummer": 125,
    "opgaveNummer": 3,
    "modulnavn": "H\u00E6ndelser",
    "samletNummer": "125-3",
    "kode": "BCFD"
  },
  {
    "navn": "Record",
    "beskrivelse": "Brug af en record (class)",
    "url": "https://github.com/devcronberg/undervisning-cs-opgaver/blob/master/avanceredetyper-records/Opgave/readme.md",
    "sortering": null,
    "modulNummer": 126,
    "opgaveNummer": 1,
    "modulnavn": "Avancerede typer",
    "samletNummer": "126-1",
    "kode": "BCGB"
  },
  {
    "navn": "Metode der returnerer en nullable",
    "beskrivelse": "Skab simple metoder/typer der benytter nullable variabler",
    "url": "https://github.com/devcronberg/undervisning-cs-opgaver/blob/master/variabler-nullable/Opgave/index.md",
    "sortering": null,
    "modulNummer": 126,
    "opgaveNummer": 2,
    "modulnavn": "Avancerede typer",
    "samletNummer": "126-2",
    "kode": "BCGC"
  },
  {
    "navn": "Metode der returnerer en Tuple",
    "beskrivelse": "Skab en metoder der returnerer flere v\u00E6rdier uden en type definition.",
    "url": "https://github.com/devcronberg/undervisning-cs-opgaver/blob/master/metoder-tuples/Opgave/index.md",
    "sortering": null,
    "modulNummer": 126,
    "opgaveNummer": 3,
    "modulnavn": "Avancerede typer",
    "samletNummer": "126-3",
    "kode": "BCGD"
  },
  {
    "navn": "Brug af using",
    "beskrivelse": "\u00D8v dig p\u00E5 Dispose-m\u00F8nsteret",
    "url": "https://github.com/devcronberg/undervisning-cs-opgaver/blob/master/interface-using/Opgave/index.md",
    "sortering": null,
    "modulNummer": 126,
    "opgaveNummer": 4,
    "modulnavn": "Avancerede typer",
    "samletNummer": "126-4",
    "kode": "BCGE"
  },
  {
    "navn": "Brug af anonyme typer",
    "beskrivelse": "Leg med b\u00E5de anonyme objekter og Expando-klassen",
    "url": "https://github.com/devcronberg/undervisning-cs-opgaver/blob/master/dynamic-anonym/Opgave/index.md",
    "sortering": null,
    "modulNummer": 126,
    "opgaveNummer": 5,
    "modulnavn": "Avancerede typer",
    "samletNummer": "126-5",
    "kode": "BCGF"
  },
  {
    "navn": "Simpel brug af operator overload",
    "beskrivelse": "Brug operator overload til at finde ud af om en hund \u003E end en anden hund",
    "url": "https://github.com/devcronberg/undervisning-cs-opgaver/blob/master/operatoroverload-simpel/Opgave/index.md",
    "sortering": null,
    "modulNummer": 128,
    "opgaveNummer": 1,
    "modulnavn": "Operator overload ",
    "samletNummer": "128-1",
    "kode": "BCIB"
  },
  {
    "navn": "Dan din egen datatype",
    "beskrivelse": "Tilf\u00F8j en ny datatype (Nibble) til C# og overload operatorer",
    "url": "https://github.com/devcronberg/undervisning-cs-opgaver/blob/master/avanceredemetoder-overload/Opgave/readme.md",
    "sortering": null,
    "modulNummer": 128,
    "opgaveNummer": 2,
    "modulnavn": "Operator overload ",
    "samletNummer": "128-2",
    "kode": "BCIC"
  },
  {
    "navn": "Brug af en generisk metode (simpel)",
    "beskrivelse": "Simpel brug af en generisk metode",
    "url": "https://github.com/devcronberg/undervisning-cs-opgaver/blob/master/gemerics-swap/Opgave/index.md",
    "sortering": null,
    "modulNummer": 130,
    "opgaveNummer": 1,
    "modulnavn": "Generiske typer og medlemmer ",
    "samletNummer": "130-1",
    "kode": "BDAB"
  },
  {
    "navn": "Udvikling af en generisk metode",
    "beskrivelse": "Skab en generisk metode der kan benytte af typer der implementerer IComparable",
    "url": "https://github.com/devcronberg/undervisning-cs-opgaver/blob/master/generisk-metode/Opgave/index.md",
    "sortering": null,
    "modulNummer": 130,
    "opgaveNummer": 2,
    "modulnavn": "Generiske typer og medlemmer ",
    "samletNummer": "130-2",
    "kode": "BDAC"
  },
  {
    "navn": "Generisk klasse",
    "beskrivelse": "Skab din egen generiske klasse",
    "url": "https://github.com/devcronberg/undervisning-cs-opgaver/blob/master/generics-klasse/Opgave/index.md",
    "sortering": null,
    "modulNummer": 130,
    "opgaveNummer": 3,
    "modulnavn": "Generiske typer og medlemmer ",
    "samletNummer": "130-3",
    "kode": "BDAD"
  },
  {
    "navn": "Generisk terning",
    "beskrivelse": "Skab et generisk b\u00E6ger til terninger",
    "url": "https://github.com/devcronberg/undervisning-cs-opgaver/blob/master/generic-terning/Opgave/index.md",
    "sortering": null,
    "modulNummer": 130,
    "opgaveNummer": 4,
    "modulnavn": "Generiske typer og medlemmer ",
    "samletNummer": "130-4",
    "kode": "BDAE"
  },
  {
    "navn": "LINQ med tal",
    "beskrivelse": "Brug LINQ mod et simpelt int-array",
    "url": "https://github.com/devcronberg/undervisning-cs-opgaver/blob/master/linq2objects-tal/Opgave/index.md",
    "sortering": null,
    "modulNummer": 150,
    "opgaveNummer": 1,
    "modulnavn": "LINQ to Objects",
    "samletNummer": "150-1",
    "kode": "BFAB"
  },
  {
    "navn": "LINQ med objekter",
    "beskrivelse": "Brug LINQ mod en simpel liste af objekter",
    "url": "https://github.com/devcronberg/undervisning-cs-opgaver/blob/master/linq2objects-faktura/Opgave/index.md",
    "sortering": null,
    "modulNummer": 150,
    "opgaveNummer": 2,
    "modulnavn": "LINQ to Objects",
    "samletNummer": "150-2",
    "kode": "BFAC"
  },
  {
    "navn": "Yatzy-LINQ",
    "beskrivelse": "Brug af (eksempelvis) LINQ til at finde point til Yatzy - ST\u00D8RRE OPGAVE",
    "url": "https://github.com/devcronberg/undervisning-cs-opgaver/blob/master/linq2objects-terning/Opgave/index.md",
    "sortering": null,
    "modulNummer": 150,
    "opgaveNummer": 3,
    "modulnavn": "LINQ to Objects",
    "samletNummer": "150-3",
    "kode": "BFAD"
  },
  {
    "navn": "Leg med LINQ",
    "beskrivelse": "Brug en liste af personer til at lege med LINQ",
    "url": "https://github.com/devcronberg/undervisning-cs-opgaver/blob/master/linq2objects-person/Opgave/index.md",
    "sortering": null,
    "modulNummer": 150,
    "opgaveNummer": 4,
    "modulnavn": "LINQ to Objects",
    "samletNummer": "150-4",
    "kode": "BFAE"
  },
  {
    "navn": "Udvidelse af LINQ",
    "beskrivelse": "Brug af extension metoder til at udvide og forbedre LINQ to objects",
    "url": "https://github.com/devcronberg/undervisning-cs-opgaver/blob/master/avanceretlinq-extensions/Opgave",
    "sortering": null,
    "modulNummer": 150,
    "opgaveNummer": 5,
    "modulnavn": "LINQ to Objects",
    "samletNummer": "150-5",
    "kode": "BFAF"
  },
  {
    "navn": "Forst\u00E5 async/await",
    "beskrivelse": "Forst\u00E5 brugen af async/await ved at \u0027beregne primtal\u0027.",
    "url": "https://github.com/devcronberg/undervisning-cs-opgaver/tree/master/async-primtal/Opgave#async-primtal",
    "sortering": null,
    "modulNummer": 155,
    "opgaveNummer": 1,
    "modulnavn": "Asynkron programmering ",
    "samletNummer": "155-1",
    "kode": "BFFB"
  },
  {
    "navn": "Simpel opgave i async/await",
    "beskrivelse": "Hent et tilf\u00E6ldigt tal fra random.org og gem det i en fil - asynkront",
    "url": "https://github.com/devcronberg/undervisning-cs-opgaver/tree/master/async-henttaloggem/Opgave",
    "sortering": null,
    "modulNummer": 155,
    "opgaveNummer": 2,
    "modulnavn": "Asynkron programmering ",
    "samletNummer": "155-2",
    "kode": "BFFC"
  },
  {
    "navn": "Opgave i async/await - med serialisering",
    "beskrivelse": "Brug async/await til at hente tilf\u00E6ldige brugere fra filltext.com",
    "url": "https://github.com/devcronberg/undervisning-cs-opgaver/tree/master/async-findbrugere/Opgave#liste-af-brugere-async",
    "sortering": null,
    "modulNummer": 155,
    "opgaveNummer": 3,
    "modulnavn": "Asynkron programmering ",
    "samletNummer": "155-3",
    "kode": "BFFD"
  },
  {
    "navn": "Brug af Task.WhenAll",
    "beskrivelse": "Hent HTML og gem i tre forskellige filer",
    "url": "https://github.com/devcronberg/undervisning-cs-opgaver/tree/master/async-gemhtml/Opgave#hent-og-gem-html-async",
    "sortering": null,
    "modulNummer": 155,
    "opgaveNummer": 4,
    "modulnavn": "Asynkron programmering ",
    "samletNummer": "155-4",
    "kode": "BFFE"
  },
  {
    "navn": "Skab en metode der gemmer en fil asynkront",
    "beskrivelse": "\u00D8v dig p\u00E5 brug af Task og async/await gennem IO-operationer.",
    "url": "https://github.com/devcronberg/undervisning-cs-opgaver/blob/master/async-task/Opgave/index.md",
    "sortering": null,
    "modulNummer": 155,
    "opgaveNummer": 5,
    "modulnavn": "Asynkron programmering ",
    "samletNummer": "155-5",
    "kode": "BFFF"
  },
  {
    "navn": "Hent en samling tilf\u00E6ldige tal fra nettet asynkront",
    "beskrivelse": "Her kan du \u00F8ve dig lidt p\u00E5 at skabe metoder der returnerer en Task",
    "url": "https://github.com/devcronberg/undervisning-cs-opgaver/blob/master/async-webclient/Opgave/index.md",
    "sortering": null,
    "modulNummer": 155,
    "opgaveNummer": 6,
    "modulnavn": "Asynkron programmering ",
    "samletNummer": "155-6",
    "kode": "BFFG"
  },
  {
    "navn": "Leg med LINQ2XML",
    "beskrivelse": "Simpel LINQ2XML opgave",
    "url": "https://github.com/devcronberg/undervisning-cs-opgaver/blob/master/linq2xml-simpel/Opgave/index.md",
    "sortering": null,
    "modulNummer": 160,
    "opgaveNummer": 1,
    "modulnavn": "Kommunikation med XML ",
    "samletNummer": "160-1",
    "kode": "BGAB"
  },
  {
    "navn": "Brug af statiske IO metoder",
    "beskrivelse": "Brug af File og Directory-klasserne",
    "url": "https://github.com/devcronberg/undervisning-cs-opgaver/blob/master/io-brug-af-fileogdirectory/Opgave/index.md",
    "sortering": null,
    "modulNummer": 165,
    "opgaveNummer": 1,
    "modulnavn": "Kommunikation med filer",
    "samletNummer": "165-1",
    "kode": "BGFB"
  },
  {
    "navn": "Brug af IO typer",
    "beskrivelse": "Brug af FileInfo og DirectoryInfo-klasserne",
    "url": "https://github.com/devcronberg/undervisning-cs-opgaver/blob/master/io-brug-af-fileinfoogdirectoryinfo/Opgave/index.md",
    "sortering": null,
    "modulNummer": 165,
    "opgaveNummer": 2,
    "modulnavn": "Kommunikation med filer",
    "samletNummer": "165-2",
    "kode": "BGFC"
  },
  {
    "navn": "Brug af IO streaming",
    "beskrivelse": "Brug af StreamWriter til at gemme en stor tekstfil",
    "url": "https://github.com/devcronberg/undervisning-cs-opgaver/tree/master/io-streaming/Opgave",
    "sortering": null,
    "modulNummer": 165,
    "opgaveNummer": 3,
    "modulnavn": "Kommunikation med filer",
    "samletNummer": "165-3",
    "kode": "BGFD"
  },
  {
    "navn": "Brug af HttpClient og WebApi til JSON data",
    "beskrivelse": "Hent og vis samtlige kommuner i Danmark fra DAWA",
    "url": "https://github.com/devcronberg/undervisning-cs-opgaver/tree/master/http-find-kommuner/Opgave",
    "sortering": null,
    "modulNummer": 167,
    "opgaveNummer": 1,
    "modulnavn": "Kommunikation over HTTP",
    "samletNummer": "167-1",
    "kode": "BGHB"
  },
  {
    "navn": "Connected data",
    "beskrivelse": "Brug SQLLite til at lege med DataConnection, DataCommand mv",
    "url": "https://github.com/devcronberg/undervisning-cs-opgaver/blob/master/data-sqlite/Opgave/index.md",
    "sortering": null,
    "modulNummer": 168,
    "opgaveNummer": 1,
    "modulnavn": "Kommunikation med databaser",
    "samletNummer": "168-1",
    "kode": "BGIB"
  },
  {
    "navn": "Disconnected data",
    "beskrivelse": "Brug SQLLite til at lege med DataAdapter og DataTable mv",
    "url": "https://github.com/devcronberg/undervisning-cs-opgaver/blob/master/data-datatable-sqlite/Opgave/index.md",
    "sortering": null,
    "modulNummer": 168,
    "opgaveNummer": 2,
    "modulnavn": "Kommunikation med databaser",
    "samletNummer": "168-2",
    "kode": "BGIC"
  },
  {
    "navn": "CSV",
    "beskrivelse": "Leg med manuel og automatisk serialisering af CSV filer",
    "url": "https://github.com/devcronberg/undervisning-cs-opgaver/tree/master/data-csv/Opgave#opgave-i-csv",
    "sortering": null,
    "modulNummer": 168,
    "opgaveNummer": 3,
    "modulnavn": "Kommunikation med databaser",
    "samletNummer": "168-3",
    "kode": "BGID"
  },
  {
    "navn": "Skab et Excel-ark",
    "beskrivelse": "Skab et Excel-ark med ClosedXml",
    "url": "https://github.com/devcronberg/undervisning-cs-opgaver/tree/master/data-excel/Opgave",
    "sortering": null,
    "modulNummer": 168,
    "opgaveNummer": 4,
    "modulnavn": "Kommunikation med databaser",
    "samletNummer": "168-4",
    "kode": "BGIE"
  },
  {
    "navn": "Repository med expressions",
    "beskrivelse": "Brug af expressions til at skabe et repository med LINQ where/orderby muligheder",
    "url": "https://github.com/devcronberg/undervisning-cs-opgaver/blob/master/expressiontrees-repository/Opgave",
    "sortering": null,
    "modulNummer": 169,
    "opgaveNummer": 1,
    "modulnavn": "Expression trees ",
    "samletNummer": "169-1",
    "kode": "BGJB"
  },
  {
    "navn": "Brug af en typest\u00E6rk konfigurationsfil",
    "beskrivelse": "Opgave i brug af en typest\u00E6rk appsettings.json konfigurationsfil",
    "url": "https://github.com/devcronberg/undervisning-cs-opgaver/tree/master/ConsoleOpgave-Configuration/Opgave",
    "sortering": null,
    "modulNummer": 170,
    "opgaveNummer": 1,
    "modulnavn": "Brug af konfigurationsfiler",
    "samletNummer": "170-1",
    "kode": "BHAB"
  },
  {
    "navn": "Simpel brug af indbyggede attributter",
    "beskrivelse": "Brug et par simple attributter (Obsolete og Conditional)",
    "url": "https://github.com/devcronberg/undervisning-cs-opgaver/blob/master/reflection-attributter/Opgave/index.md",
    "sortering": null,
    "modulNummer": 200,
    "opgaveNummer": 1,
    "modulnavn": "Reflection ",
    "samletNummer": "200-1",
    "kode": "CAAB"
  },
  {
    "navn": "Brug af CallerMemberName",
    "beskrivelse": "Skab en klasse der implementerer INotifyPropertyChanged",
    "url": "https://github.com/devcronberg/undervisning-cs-opgaver/blob/master/metoder-inotifypropertychanged/Opgave/index.md",
    "sortering": null,
    "modulNummer": 200,
    "opgaveNummer": 2,
    "modulnavn": "Reflection ",
    "samletNummer": "200-2",
    "kode": "CAAC"
  },
  {
    "navn": "Vendespil",
    "beskrivelse": "Komplet Vendespil-spil til afvikling p\u00E5 consol",
    "url": "https://github.com/devcronberg/os-cs-consolevendespil#udvidet-c-opgave-vendespil",
    "sortering": null,
    "modulNummer": 500,
    "opgaveNummer": 1,
    "modulnavn": "Ekstra opgaver ",
    "samletNummer": "500-1",
    "kode": "FAAB"
  },
  {
    "navn": "CSYatzy",
    "beskrivelse": "Komplet Yatzy-spil - med eller uden bot.",
    "url": "https://github.com/devcronberg/os-cs-yatzy",
    "sortering": null,
    "modulNummer": 500,
    "opgaveNummer": 2,
    "modulnavn": "Ekstra opgaver ",
    "samletNummer": "500-2",
    "kode": "FAAC"
  },
  {
    "navn": "PropertyChanged",
    "beskrivelse": "Lidt mere omfattende opgave i brugen h\u00E6ndelser og delegates, samt brug af INotifyPropertyChanged.",
    "url": "https://github.com/devcronberg/os-cs-propchanged",
    "sortering": null,
    "modulNummer": 500,
    "opgaveNummer": 3,
    "modulnavn": "Ekstra opgaver ",
    "samletNummer": "500-3",
    "kode": "FAAD"
  },
  {
    "navn": "H\u00E6gtet liste",
    "beskrivelse": "Skab din helt egen h\u00E6gtede liste.",
    "url": "https://github.com/devcronberg/os-cs-linkedlist",
    "sortering": null,
    "modulNummer": 500,
    "opgaveNummer": 4,
    "modulnavn": "Ekstra opgaver ",
    "samletNummer": "500-4",
    "kode": "FAAE"
  },
  {
    "navn": "Polymorfi",
    "beskrivelse": "Simpel opgave i objektorienteret design.",
    "url": "https://github.com/devcronberg/os-cs-polymorfi",
    "sortering": null,
    "modulNummer": 500,
    "opgaveNummer": 5,
    "modulnavn": "Ekstra opgaver ",
    "samletNummer": "500-5",
    "kode": "FAAF"
  }
]